"Marca temporal","Age","Gender Identity ","Sexual Orientation","Where are you from? (place of birth)","Education","Employment","Favorite character","Least Favorite Character","Favorite race","How long have you been following the comic? (in years)","How long have you been part of r/Twokinds? (in years)","Do you participate in other Twokinds fan communities (Discord, forums, etc)?","In general, how long have you been a part of Twokinds fan communities? (In years)","Do you identify as a furry or a member of the furry fandom?","Favorite chapter of the comic?","Least Favorite chapter of the comic?","If you are a patron of Thomas Fischbach's Patreon, what tier are you subscribed to?","If money were not an issue would you subscribe to Tom patreon. If so which tier?","How do you feel about the Sunday Sketches Tom does weekly?","How do you feel about colored sketches Tom does at the end each month?","Do you own any official Twokinds merchandise?","Do you follow Tom on Picarto?","Have you ever commissioned Twokinds-related art from artists other than Thomas Fischbach?","Have you ever made Twokinds fan art? (Drawings, Fanfiction, DIY, etc)","Any other artist you follow besides Tom? "
"2023/10/23 9:00:20 p.Â m. GMT-6","35","Cisgender Male","Homosexual","North America","Bachelor's Degree","Self-Employed","Alaric","Clovis","Basitins (Eastern, Western, Northern)","6","2","Yes","2","Yes","10","8","$10 USD","Custom pledge","I love them","I love them","I do not own any official merchandise","Yes","No","Yes","Wendy Lian Martin"
"2023/10/23 10:02:15 p.Â m. GMT-6","19","Cisgender Male","Homosexual","North America","Master's Degree","Employed Full-time","Keith","Eric","Basitins (Eastern, Western, Northern)","4","1","Yes","1","Yes","8","18","$5 USD","$10 USD","I like them","I like them","Books or Volumes;Prints or posters;Side comics","No","No","Yes","There really is alot, and the only one I can think of off the top of my head is DragonSnow"
"2023/10/24 12:01:42 a.Â m. GMT-6","22","Cisgender Male","Bisexual","Eastern Europe","High School Diploma","Employed Full-time","Trace","Youngtani","Feline Keidran (Tigers, Cats, Lions)","6","3","No","4","Yes","","","I am not a Patron","$5 USD","I like them","I like them","I do not own any official merchandise","No","No","No","No"
"2023/10/24 12:17:28 a.Â m. GMT-6","21","Cisgender Male","Heterosexual","Eastern Europe","High School Diploma","Unemployed","Laura","Roderick","Canine Keidran (Wolves, Foxes, Dogs)","0.5","0.5","Yes","1","No","21","","I am not a Patron","$10 USD","I like them","I like them","I do not own any official merchandise","Yes","No","No","MacMegaGERC"
"2023/10/24 12:23:12 a.Â m. GMT-6","19","Genderfluid","Pansexual","North America","Some College","Employed Part-time","Keith","Eric","Basitins (Eastern, Western, Northern)","2","1","No","1","Yes","16","2","I am not a Patron","I would not subscribe","I like them","I love them","I do not own any official merchandise","No","No","No","N/A"
"2023/10/24 12:40:17 a.Â m. GMT-6","25","Cisgender Male","Bisexual","North America","Bachelor's Degree","Employed Part-time","Adelaide","Youngtani","Canine Keidran (Wolves, Foxes, Dogs)","9","9","No","9","No","11","18","$10 USD","$10 USD","I like them","I like them","Books or Volumes;Prints or posters","Yes","Yes","No","Too many"
"2023/10/24 12:49:12 a.Â m. GMT-6","28","","","Western Europe","Bachelor's Degree","Employed Full-time","Laura","Alaric","Canine Keidran (Wolves, Foxes, Dogs)","4","2","No","2","","","","I am not a Patron","$5 USD","I do not like nor dislike them","I love them","I do not own any official merchandise","No","Yes","No","nope"
"2023/10/24 12:55:41 a.Â m. GMT-6","38","Cisgender Male","Heterosexual","North America","Bachelor's Degree","Employed Full-time","Natani","Roderick","Canine Keidran (Wolves, Foxes, Dogs)","10","2","No","","Yes","","","$10 USD","$10 USD","I love them","I love them","Prints or posters;Digital Books/Volumes","No","Yes","No","no"
"2023/10/24 1:57:06 a.Â m. GMT-6","19","Cisgender Male","Heterosexual","Eastern Europe","Some College","Self-Employed","Keith","Alabaster","Humans","3","1","Yes","3","No","20","11","I am not a Patron","$5 USD","I do not like nor dislike them","I like them","I do not own any official merchandise","Yes","No","No","FluffKevlar, Riko Sakari, Qwerts, Crystal Silverlight, Bobby Duke Arts"
"2023/10/24 2:10:05 a.Â m. GMT-6","21","Cisgender Male","Heterosexual","Western Europe","Bachelor's Degree","Employed Part-time","Laura","Alabaster","Feline Keidran (Tigers, Cats, Lions)","2","2","No","2","No","","","I am not a Patron","$10 USD","I like them","I love them","I do not own any official merchandise","No","No","No","Hioshiru, fr-95, fluff keflar, "
"2023/10/24 2:28:22 a.Â m. GMT-6","19","Cisgender Male","Heterosexual","Eastern Europe","Some College","Unemployed","Flora","Masks","Feline Keidran (Tigers, Cats, Lions)","2","1","Yes","1","No","16","2","I am not a Patron","$10 USD","I like them","I love them","I do not own any official merchandise","No","No","Yes","too many to list here"
"2023/10/24 2:57:41 a.Â m. GMT-6","17","Cisgender Male","Heterosexual","Western Europe","Some High School","Unemployed","Natani","Clovis","Feline Keidran (Tigers, Cats, Lions)","5","2","No","","Yes","","","I am not a Patron","$10 USD","I love them","I love them","I do not own any official merchandise","No","No","No","No"
"2023/10/24 3:24:50 a.Â m. GMT-6","27.6","Cisgender Male","Heterosexual","North America","High School Diploma","Unemployed","Female Tiger Trace","Mary","Feline Keidran (Tigers, Cats, Lions)","10.81","0.3","Yes","10.81","Yes","","","I am not a Patron","$10 USD","I like them","I like them","I do not own any official merchandise","Yes","No","Yes","Skidd, Phuufy, Fluff-Kevlar, Chalo, Matergodai, Foxboy83, JKNewLiife, INKTiger, and many others"
"2023/10/24 3:53:44 a.Â m. GMT-6","23","Cisgender Male","Heterosexual","North America","High School Diploma","Unemployed","Laura","Donâ€™t have one","Canine Keidran (Wolves, Foxes, Dogs)","3","2","No","2","No","16","1","I am not a Patron","$10 USD","I love them","I love them","I do not own any official merchandise","Yes","No","No","None"
"2023/10/24 4:05:46 a.Â m. GMT-6","18","Transgender Male","Homosexual","Oceania (Australia, New Zealand, Pacific Islands)","Some High School","Unemployed","Natani","Eric","Basitins (Eastern, Western, Northern)","5","2","No","2","Yes","18","","I am not a Patron","I would not subscribe","I do not like nor dislike them","I like them","I do not own any official merchandise","No","No","Yes","saszor, 5thcloud. there's more but can't think of their names "
"2023/10/24 4:15:44 a.Â m. GMT-6","17","Genderfluid","Bisexual","Western Europe","High School Diploma","Unemployed","Natani","Mrs Nibbly","Feline Keidran (Tigers, Cats, Lions)","1","2","No","2","Yes","17","6","I am not a Patron","$10 USD","I love them","I love them","Books or Volumes;Prints or posters","No","No","Yes","Jim Davis, honestly I donâ€™t know that many artists ðŸ˜­"
"2023/10/24 4:32:01 a.Â m. GMT-6","15","Cisgender Male","Asexual","Oceania (Australia, New Zealand, Pacific Islands)","Some High School","Self-Employed","Raine","Cornelius","Canine Keidran (Wolves, Foxes, Dogs)","2","1","No","1","No","20","9","I am not a Patron","Custom pledge","I like them","I love them","I do not own any official merchandise","No","No","Yes","None"
"2023/10/24 4:34:22 a.Â m. GMT-6","20","Cisgender Male","Pansexual and demisexual","North America","High School Diploma","Unemployed","Natani","Alabaster","Canine Keidran (Wolves, Foxes, Dogs)","3","3","No","3","Yes","","","I am not a Patron","$10 USD","I love them","I love them","I do not own any official merchandise","No","No","No","N/A"
"2023/10/24 6:42:22 a.Â m. GMT-6","23","Cisgender Male","Questioning","North America","Bachelor's Degree","Unemployed","Reni","Euchre","Dragons","12","2","No","2","Yes","","","I am not a Patron","$10 USD","I love them","I love them","I do not own any official merchandise","No","No","Yes","Kinkymation, Task, Watdraws (All NSFW artists)"
"2023/10/24 7:28:40 a.Â m. GMT-6","17","Cisgender Male","Heterosexual","North America","Some High School","Unemployed","Flora","Alabaster","Canine Keidran (Wolves, Foxes, Dogs)","2","0.8","No","","Yes","","","I am not a Patron","$5 USD","I do not like nor dislike them","I like them","I do not own any official merchandise","No","No","Yes","Kameloh; Provincaa1, Abiogenisis/Alex Ries; u/falling-skies, Naive_Tabby [NSFW]; Unreal Cereal [NSFW]; "
"2023/10/24 7:52:30 a.Â m. GMT-6","18","Transgender Female","Pansexual","North America","High School Diploma","Unemployed","Flora","Clovis","Feline Keidran (Tigers, Cats, Lions)","1","","No","","Yes","3","","I am not a Patron","$5 USD","I like them","I love them","I do not own any official merchandise","No","No","Yes","No"
"2023/10/24 7:55:00 a.Â m. GMT-6","29","Cisgender Male","Pansexual","North America","Some College","Employed Full-time","Adira","Eric","Feline Keidran (Tigers, Cats, Lions)","7","5","Yes","5","No","19","14","I am not a Patron","$10 USD","I love them","I love them","I do not own any official merchandise","No","No","No","Mastergodai"
"2023/10/24 8:40:24 a.Â m. GMT-6","24","Cisgender Male","Pansexual","Western Europe","Bachelor's Degree","Employed Full-time","Natani","Red","Dragons","1","1","No","1","Yes","17","3","I am not a Patron","$10 USD","I like them","I like them","Side comics","No","No","Yes","Monstergarden, Treelancer, StereoscopeComics, The Glass Scientists, ruaidri, Quotermain, Glopossum, Arh, NimbleTail, Moddish, S-Nina, TemixArt, wtfeather, Feretta, Quillu, sentharm, Caroo, SabretoothedErmine, Luraknot, QR-Code, Spinal22, Aliscik, "
"2023/10/24 9:10:27 a.Â m. GMT-6","","","","","","","Reni","Clovis","Dragons","1","0.5","No","1","","","","I am not a Patron","$10 USD","I like them","I love them","I do not own any official merchandise","No","No","No","No"
"2023/10/24 9:26:19 a.Â m. GMT-6","18","Cisgender Male","Heterosexual","North America","Some College","Employed Part-time","Brutus","Lol I donâ€™t really know","Feline Keidran (Tigers, Cats, Lions)","5","1","No","3","Yes","20","15","I am not a Patron","$10 USD","I love them","I love them","Books or Volumes;Prints or posters","Yes","No","Yes","To many to put here"
"2023/10/24 9:50:08 a.Â m. GMT-6","18","Cisgender Male","Heterosexual","Eastern Europe","High School Diploma","Unemployed","Raine","Eric","Feline Keidran (Tigers, Cats, Lions)","4","1.5","Yes","1.5","Yes","","","I am not a Patron","$10 USD","I love them","I love them","I do not own any official merchandise","No","No","No","No"
"2023/10/24 9:57:33 a.Â m. GMT-6","19","Cisgender Male","Bisexual","North America","Bachelor's Degree","Employed Full-time","Madelyn (Maddie)","Roderick","Basitins (Eastern, Western, Northern)","2","2","No","2","Yes","20","1","I am not a Patron","$10 USD","I love them","I love them","Prints or posters","No","No","Yes","*sigh*â€¦.   FluffKevlar"
"2023/10/24 11:00:57 a.Â m. GMT-6","34","Cisgender Male","Heterosexual","North America","Some College","Employed Full-time","Flora","Alabaster","Feline Keidran (Tigers, Cats, Lions)","17","4","Yes","4","No","1","","I am not a Patron","$10 USD","I love them","I love them","Side comics;Digital Books/Volumes","Yes","No","No","N/A"
"2023/10/24 11:08:31 a.Â m. GMT-6","26","Cisgender Male","Homosexual","North America","Bachelor's Degree","Employed Full-time","Mike","Alabaster","Basitins (Eastern, Western, Northern)","13","4","No","4","Yes","11","16","I am not a Patron","$10 USD","I do not like nor dislike them","I'm indiferent to them","Books or Volumes","No","No","No","Too many to list"
"2023/10/24 11:25:21 a.Â m. GMT-6","20","Cisgender Male","Heterosexual","North America","High School Diploma","Unemployed","Natani","Keiren","Basitins (Eastern, Western, Northern)","10","0","Yes","0","Yes","11","21","I am not a Patron","$10 USD","I love them","I love them","I do not own any official merchandise","No","Yes","No","Nah"
"2023/10/24 11:50:38 a.Â m. GMT-6","23","Cisgender Male","Queer","North America","High School Diploma","Unemployed","Maeve","none","Feline Keidran (Tigers, Cats, Lions)","11","7","No","7","Yes","0","0","I am not a Patron","$10 USD","I like them","I like them","Books or Volumes","No","No","No","not explicitly"
"2023/10/24 12:39:56 p.Â m. GMT-6","30","Cisgender Male","Bisexual","North America","Some College","Employed Full-time","Natani","No One","Canine Keidran (Wolves, Foxes, Dogs)","1","1","Yes","1","Yes","","6","$10 USD","$10 USD","I like them","I like them","I do not own any official merchandise","Yes","No","Yes","Fluff-Kevlar"
"2023/10/24 12:57:22 p.Â m. GMT-6","","","","Asia","Some High School","","Flora","Roderick","Feline Keidran (Tigers, Cats, Lions)","2","0","No","0","No","18","5","I am not a Patron","Custom pledge","I love them","I like them","I do not own any official merchandise","No","No","No","I check out W0lf, Kameloh, and Infinitedge sometimes"
"2023/10/24 1:10:39 p.Â m. GMT-6","24","Cisgender Male","Bisexual","Latin America and the Caribbean","Some College","Self-Employed","Trace","Roderick","Basitins (Eastern, Western, Northern)","5","5","No","2","Yes","21","","I am not a Patron","$10 USD","I love them","I love them","I do not own any official merchandise","Yes","No","Yes","Fluff-Kevlar, Iskra, Demicoeur"
"2023/10/24 2:08:19 p.Â m. GMT-6","20","Cisgender Male","Pansexual","Western Europe","High School Diploma","Employed Part-time","Natani","Clovis","Canine Keidran (Wolves, Foxes, Dogs)","4","4","No","4","Yes","","","I am not a Patron","$10 USD","I like them","I love them","I do not own any official merchandise","No","No","No","Feretta, yeentrash+herutastic, Rick griffin"
"2023/10/24 2:53:25 p.Â m. GMT-6","22","Cisgender Male","Heterosexual","North America","High School Diploma","Unemployed","Laura","Alabaster","Canine Keidran (Wolves, Foxes, Dogs)","1","1","Yes","1","Yes","20","9","I am not a Patron","$10 USD","I love them","I love them","Books or Volumes;Prints or posters;Side comics","No","No","Yes","Dagashi Kashi and Nozomu Tamaki"
"2023/10/24 3:08:56 p.Â m. GMT-6","16","Cisgender Male","Bisexual","North America","Some High School","","Maeve","Clovis","Feline Keidran (Tigers, Cats, Lions)","6","1","No","6","No","1","","I am not a Patron","$5 USD","I love them","I love them","Books or Volumes","No","No","No","Choclodox Insta/Twitter, bonecos.do.bruno insta"
"2023/10/24 3:35:53 p.Â m. GMT-6","26","Cisgender Male","Homosexual","North America","Bachelor's Degree","Employed Full-time","Natani","Roderick","Basitins (Eastern, Western, Northern)","10","5","No","5","Yes","12","1","I am not a Patron","$10 USD","I like them","I like them","Digital Books/Volumes","No","No","No","None"
"2023/10/24 4:51:45 p.Â m. GMT-6","18","Cisgender Male","Bisexual","Eastern Europe","Some College","Employed Part-time","Natani","Ren","Canine Keidran (Wolves, Foxes, Dogs)","3","2","Yes","2","Yes","17","6","I am not a Patron","$10 USD","I do not like nor dislike them","I like them","Digital Books/Volumes","Yes","No","No","None other"
"2023/10/24 6:36:38 p.Â m. GMT-6","20","Cisgender Male","Heterosexual","North America","Some College","Employed Part-time","Zen","Ren","Canine Keidran (Wolves, Foxes, Dogs)","6"," 2","Yes","6 ","Yes","7","6","I am not a Patron","$10 USD","I love them","I love them","Books or Volumes;Side comics;Digital Books/Volumes","Yes","No","Yes","Heresy, Seff, Sigma X, Jay Naylor, Narikusha, and many more"
"2023/10/24 6:40:26 p.Â m. GMT-6","24","Cisgender Male","Heterosexual","North America","Bachelor's Degree","Employed Part-time","Adira","Clovis","Feline Keidran (Tigers, Cats, Lions)","9","2","No","2","Yes","21","9","I am not a Patron","$10 USD","I like them","I love them","I do not own any official merchandise","Yes","No","Yes","Darokho, 0laffson, Hunter Being Hunted"
"2023/10/24 10:20:28 p.Â m. GMT-6","29","Non-binary","Bisexual","North America","Bachelor's Degree","Employed Full-time","Natani","they're all alright","Cat Clans (mini cats)","14","1","No","1","Yes","","","I am not a Patron","$10 USD","I love them","I love them","I do not own any official merchandise","No","No","No","this shouldn't be a required question"
"2023/10/24 11:14:11 p.Â m. GMT-6","","Transgender Female","Bisexual","North America","Some College","Employed Full-time","Lt Reed","Clovis","Feline Keidran (Tigers, Cats, Lions)","3",".5","Yes","2","Yes","","","I am not a Patron","$10 USD","I love them","I love them","Apparel;Prints or posters","Yes","No","Yes","Not particularly"
"2023/10/24 11:20:04 p.Â m. GMT-6","22","Cisgender Male","Heterosexual","North America","High School Diploma","Unemployed","Natani","Ren","Basitins (Eastern, Western, Northern)","8.5","0.5","No","","No","18","5","I am not a Patron","$10 USD","I do not like nor dislike them","I'm indiferent to them","I do not own any official merchandise","No","No","Yes","Starfishface; Temmie Chang; OMOCAT"
"2023/10/24 11:52:26 p.Â m. GMT-6","17","Cisgender Male","Bisexual","Western Europe","Some High School","Employed Part-time","Natani","Eric","Feline Keidran (Tigers, Cats, Lions)","0.05","0.02","No","0.02","Yes","","","I am not a Patron","$5 USD","I love them","I love them","I do not own any official merchandise","No","No","No","Not really"
"2023/10/25 6:12:35 a.Â m. GMT-6","13","Male","Heterosexual","Eastern Europe","Some High School","Unemployed","none","Cornelius","Humans","0.5","0.5","No","0.5","No","","21","I am not a Patron","$10 USD","I like them","I like them","I do not own any official merchandise","No","No","No","none"
"2023/10/25 10:02:37 a.Â m. GMT-6","17","Cisgender Male","Asexual","Western Europe","Some High School","","Natani","Brahn","Fae (Willow and company)","1","1","Yes","1","Yes","19","3","I am not a Patron","$10 USD","I love them","I love them","I do not own any official merchandise","No","No","No","Vivziepop"
"2023/10/25 11:28:03 a.Â m. GMT-6","16","Cisgender Male","Bisexual","Asia","Some High School","Unemployed","Lynn","Clovis","Basitins (Eastern, Western, Northern)","0.5","0.05","No","0.25","No","","","I am not a Patron","$5 USD","I like them","I love them","I do not own any official merchandise","No","No","No","Piemations"
"2023/10/25 4:12:53 p.Â m. GMT-6","39","Cisgender Male","Heterosexual","North America","Bachelor's Degree","Employed Full-time","Mrs Nibbly","Ephemeral","Basitins (Eastern, Western, Northern)","16","1","No","10","No","4","21","I am not a Patron","$10 USD","I do not like nor dislike them","I like them","Books or Volumes;Prints or posters;Digital Books/Volumes","Yes","No","Yes","Diana Stein, Phil and Kaja Foglio"
"2023/10/25 6:41:24 p.Â m. GMT-6","20","Cisgender Male","Heterosexual","North America","High School Diploma","Employed Full-time","Natani","Eric","Canine Keidran (Wolves, Foxes, Dogs)","5","1","No","1","Yes","19","1","I am not a Patron","$10 USD","I like them","I like them","I do not own any official merchandise","No","No","Yes","Fluffkevlar"
"2023/10/26 11:59:33 a.Â m. GMT-6","20","Cisgender Male","Prefer not to say","North America","Some College","Employed Part-time","Windstraw","Clovis","Cat Clans (mini cats)","2","1","No","1","Yes","11","4","I am not a Patron","$10 USD","I like them","I like them","I do not own any official merchandise","No","No","No","N/A"
"2023/10/26 5:43:40 p.Â m. GMT-6","25","Prefer not to say","Asexual","North America","Bachelor's Degree","Unemployed","Natani","Masks","Dragons","3","0.1","No","0.1","No","18","6","I am not a Patron","$5 USD","I do not like nor dislike them","I like them","I do not own any official merchandise","No","No","No","Tredlocity, pocketss, Moring Mark, modmad, Crayon Queen, inksterjack, Deven Rue, Julia Kaye, Jenny Jinya, socksandpuppets, more probably"
"2023/10/26 7:15:59 p.Â m. GMT-6","25","Cisgender Male","Heterosexual","Latin America and the Caribbean","Some College","Retired","Keith","Nora","Basitins (Eastern, Western, Northern)","6","6","Yes","5","Yes","0","0","I am not a Patron","$10 USD","I love them","I love them","I do not own any official merchandise","No","Yes","Yes","Too many to count"
"2023/10/27 12:50:01 p.Â m. GMT-6","17","Cisgender Male","Heterosexual","Western Europe","Some High School","Unemployed","Flora","Seraphina","Feline Keidran (Tigers, Cats, Lions)","1.5","1.4","No","1","No","16","","I am not a Patron","$10 USD","I love them","I love them","I do not own any official merchandise","Yes","No","No","none"
"2023/11/05 1:39:58 a.Â m. GMT-6","18","Cisgender Male","Bisexual","North America","High School Diploma","","Natani","Keiren","Canine Keidran (Wolves, Foxes, Dogs)","1.5","0","Yes","0.5","Yes","17","","I am not a Patron","$5 USD","I like them","I like them","I do not own any official merchandise","No","No","No","Cartoonwolf/Jan from tigerknight and The Gneech from Suburban Jungle are my next favorites"
"2023/11/05 1:02:49 p.Â m. GMT-6","","Cisgender Male","Heterosexual","Western Europe","Some High School","Unemployed","Trace","The Tavern owner","Humans","0","0","No","0","No","1","2","I am not a Patron","I would not subscribe","I do not like nor dislike them","I'm indiferent to them","I do not own any official merchandise","No","No","No","I don't know if he counts since the art he makes is music,but Ayden George"
"2023/11/05 1:17:51 p.Â m. GMT-6","32","Cisgender Male","Bisexual","North America","Bachelor's Degree","Employed Full-time","Alaric","Clovis","Basitins (Eastern, Western, Northern)","11","11","No","11","Yes","","","I am not a Patron","I would not subscribe","I like them","I like them","Books or Volumes;Prints or posters","No","No","No","fluffkevlar"
"2023/11/12 1:43:10 p.Â m. GMT-6","30","Cisgender Male","Heterosexual","Latin America and the Caribbean","Master's Degree","Employed Full-time","Raine","Nora","Canine Keidran (Wolves, Foxes, Dogs)","4","3","Yes","3","No","21","3","$10 USD","$10 USD","I love them","I love them","I do not own any official merchandise","Yes","No","Yes",""