Marca temporal,Age,Gender Identity ,Sexual Orientation,Where are you from? (place of birth),Education,Employment,Favorite character,Least Favorite character,Favorite race,How long have you been following the comic? (in years),How long have you been part of r/Twokinds? (in years),"Do you participate in other Twokinds fan communities (Discord, forums, etc)?","In general, how long have you been a part of Twokinds fan communities? (In years)",Do you identify as a furry or a member of the furry fandom?,Favorite chapter of the comic?,Least Favorite chapter of the comic?,"If you are a patron of Thomas Fischbach's Patreon, what tier are you subscribed to?",If money were not an issue would you subscribe to Tom patreon. If so which tier?,How do you feel about the Sunday Sketches Tom does weekly?,How do you feel about colored sketches Tom does at the end each month?,Do you own any official Twokinds merchandise?,Do you follow Tom on Picarto?,Have you ever commissioned Twokinds-related art from artists other than Thomas Fischbach?,"Have you ever made Twokinds fan art? (Drawings, Fanfiction, DIY, etc)"
11/12/2022 22:39:01,15,Cisgender Male,Heterosexual,North America,Some High School,Unemployed,Natani,"""Red""","Canine Keidran (Wolves, Foxes, Dogs)",2,1,No,2,Yes,7,1,I am not a Patron,I would not subscribe,I like them,I love them,Digital Books/Volumes,No,No,No
11/12/2022 22:46:47,29,Cisgender Male,Demisexual,North America,Bachelor's Degree,Employed Full-time,Scythe,Eric,"Canine Keidran (Wolves, Foxes, Dogs)",2,2,No,2,Yes,11,1,I am not a Patron,$10 USD,I like them,I love them,Books or Volumes,No,No,No
11/12/2022 22:51:05,17,Cisgender Male,Bisexual,North America,Some High School,Unemployed,Keith,N/A,"Basitins (Eastern, Western, Northern)",1,1,No,4,No,17,8,I am not a Patron,I would not subscribe,I like them,I like them,Side comics,No,No,No
11/12/2022 22:56:37,22,Transgender Female,Demisexual,North America,Some College,Unemployed,Raine,,"Canine Keidran (Wolves, Foxes, Dogs)",5,3,No,5,Yes,16,,I am not a Patron,$5 USD,I like them,I like them,Digital Books/Volumes,No,No,No
11/12/2022 22:57:16,28,Cisgender Male,Heterosexual,North America,Bachelor's Degree,Employed Full-time,Keith,Eric,"Basitins (Eastern, Western, Northern)",7,2,Yes,1,No,,1,I am not a Patron,$10 USD,I like them,I like them,Side comics,No,No,Yes
11/12/2022 23:30:19,18,Cisgender Male,Heterosexual,North America,Some College,Unemployed,Natani,,"Canine Keidran (Wolves, Foxes, Dogs)",2,2,No,2,No,,,I am not a Patron,$10 USD,I like them,I love them,Side comics,Yes,No,No
11/12/2022 23:31:43,17,Cisgender Male,Heterosexual,North America,High School Diploma,Employed Part-time,Kathrin Vaug,Nicolai,"Canine Keidran (Wolves, Foxes, Dogs)",3,3,Yes,3,Yes,11,16,I am not a Patron,I would not subscribe,I love them,I love them,Digital Books/Volumes,No,No,No
11/12/2022 23:41:23,18,Cisgender Male,Heterosexual,North America,Trade School,Unemployed,Trace,,"Canine Keidran (Wolves, Foxes, Dogs)",4,1,No,,No,,,I am not a Patron,Custom pledge,I do not like nor dislike them,I'm indiferent to them,Books or Volumes,No,No,No
12/12/2022 0:34:49,24,Cisgender Male,Heterosexual,North America,Bachelor's Degree,Employed Full-time,Natani,,"Feline Keidran (Tigers, Cats, Lions)",2,1,No,,Yes,,,I am not a Patron,$10 USD,I love them,I love them,Books or Volumes,No,No,No
12/12/2022 0:58:18,31,Cisgender Male,Demisexual,North America,Some High School,Employed Part-time,Natani,The masks,"Canine Keidran (Wolves, Foxes, Dogs)",10,,No,,Yes,20,9,I am not a Patron,$10 USD,I love them,I love them,I do not own any official merchandise,No,No,No
12/12/2022 0:58:31,23,Cisgender Male,Heterosexual,North America,Some College,Employed Part-time,Raine,Eric,"Feline Keidran (Tigers, Cats, Lions)",10,2,No,2,Yes,21,11,I am not a Patron,I would not subscribe,I like them,I love them,I do not own any official merchandise,No,No,No
12/12/2022 1:03:58,20,Cisgender Male,Heterosexual,North America,Trade School,Employed Full-time,Natani,Reni,"Feline Keidran (Tigers, Cats, Lions)",5,1,Yes,1,Yes,11,2,I am not a Patron,$10 USD,I like them,I love them,Prints or posters,No,No,Yes
12/12/2022 1:04:24,17,Cisgender Male,Heterosexual,North America,High School Diploma,Employed Part-time,Keith,Maren,"Canine Keidran (Wolves, Foxes, Dogs)",5,2,No,0.5,Yes,,19,I am not a Patron,$5 USD,I like them,I like them,I do not own any official merchandise,No,No,No
12/12/2022 1:15:18,23,Genderfluid,Demisexual,Latin America and the Caribbean,Some High School,Self-Employed,Kathrin,Euchre,Fae (Willow and company),7,0.7,Yes,4,Yes,18,9,I am not a Patron,Custom pledge,I like them,I like them,I do not own any official merchandise,No,No,Yes
12/12/2022 1:22:28,22,Transgender Female,Homosexual,North America,Some College,Unemployed,Adira,Eric,"Feline Keidran (Tigers, Cats, Lions)",10,7,No,,Yes,,,I am not a Patron,$10 USD,I love them,I love them,I do not own any official merchandise,No,No,No
12/12/2022 1:32:54,17,Cisgender Male,Bisexual,Europe,Some College,Unemployed,Natani,,"Canine Keidran (Wolves, Foxes, Dogs)",1,1,No,1,Yes,,,I am not a Patron,$10 USD,I do not like nor dislike them,I like them,I do not own any official merchandise,No,No,No
12/12/2022 2:04:31,14,Cisgender Male,Heterosexual,North America,Some High School,Unemployed,Maren,Brahn,Humans,2,2,No,2,No,20,1,I am not a Patron,$10 USD,I do not like nor dislike them,I like them,I do not own any official merchandise,No,No,Yes
12/12/2022 2:20:25,18,Genderfluid,Asexual,Europe,Some High School,Unemployed,Keith,Eric,Dragons,3,2,Yes,3,Yes,,,I am not a Patron,$10 USD,I love them,I love them,I do not own any official merchandise,No,No,Yes
12/12/2022 2:35:37,39,Cisgender Male,Heterosexual,Europe,Master's Degree,Employed Full-time,Nora,Can't think of anyone,Dragons,19,1,No,1,Yes,20,1,$5 USD,$10 USD,I love them,I love them,I do not own any official merchandise,No,No,No
12/12/2022 2:40:23,25,Prefer not to say,Heterosexual,North America,Bachelor's Degree,Unemployed,Kat,Natani,Cat Clans (mini cats),10,5,No,5,Yes,11,21,$10 USD,$10 USD,I like them,I'm indiferent to them,I do not own any official merchandise,Yes,No,No
12/12/2022 3:12:23,18,Cisgender Male,Bisexual,North America,Some College,Employed Part-time,Madelyn (Maddie),Eric,"Basitins (Eastern, Western, Northern)",2,1,No,1,Yes,16,2,I am not a Patron,$10 USD,I love them,I love them,I do not own any official merchandise,No,No,No
12/12/2022 3:38:47,16,Genderfluid,Bisexual,Asia,High School Diploma,Unemployed,Kathrin,Randal,"Feline Keidran (Tigers, Cats, Lions)",0.5,0.3,No,0.4,Yes,16,0,I am not a Patron,$10 USD,I love them,I love them,I do not own any official merchandise,No,No,No
12/12/2022 4:05:28,19,Cisgender Male,Heterosexual,Europe,Some College,Unemployed,Keith ,,"Canine Keidran (Wolves, Foxes, Dogs)",3,2,No,2,No,,,I am not a Patron,$10 USD,I like them,I like them,I do not own any official merchandise,No,No,No
12/12/2022 4:10:31,22,Cisgender Male,Homosexual,Europe,Some College,Employed Full-time,Keith,,"Basitins (Eastern, Western, Northern)",7,2,No,1,Yes,,,I am not a Patron,$5 USD,I like them,I love them,"Books or Volumes, Digital Books/Volumes",No,No,No
12/12/2022 4:25:59,19,Cisgender Male,Heterosexual,North America,High School Diploma,Employed Part-time,Natani,Alabaster (whichever one killed Keith's mother),"Canine Keidran (Wolves, Foxes, Dogs)",3,3,No,3,Yes,19,11,I am not a Patron,$10 USD,I love them,I love them,I do not own any official merchandise,No,No,No
12/12/2022 5:22:13,24,Prefer not to say,Heterosexual,North America,,,Flora,Keith,"Feline Keidran (Tigers, Cats, Lions)",1,1,No,,No,,,I am not a Patron,I would not subscribe,I like them,I like them,I do not own any official merchandise,No,No,No
12/12/2022 5:55:15,26,Great Spirit Robot,Love Isn’t Canon,North America,High School Diploma,Employed Full-time,Natani,Alabaster the Elder,"Canine Keidran (Wolves, Foxes, Dogs)",4,2,Yes,4,Yes,18,1,I am not a Patron,I would not subscribe,I like them,I like them,I do not own any official merchandise,No,No,No
12/12/2022 6:21:15,22,Cisgender Male,Prefer not to say,Europe,Some College,Unemployed,Flora,None,"Feline Keidran (Tigers, Cats, Lions)",1,1,No,0,Yes,6,3,$10 USD,$10 USD,I like them,I love them,I do not own any official merchandise,Yes,Yes,Yes
12/12/2022 6:54:30,35,Cisgender Male,Heterosexual,Latin America and the Caribbean,High School Diploma,Employed Full-time,Natani,Clovis,"Canine Keidran (Wolves, Foxes, Dogs)",4,,No,4,Yes,21,1,$10 USD,$10 USD,I love them,I love them,"Books or Volumes, Prints or posters",Yes,Yes,No
12/12/2022 7:00:27,18,Cisgender Male,Bisexual,Europe,High School Diploma,Unemployed,Natani,Seraphina,"Canine Keidran (Wolves, Foxes, Dogs)",3,2,No,2,Yes,17,6,I am not a Patron,$10 USD,I like them,I love them,I do not own any official merchandise,No,No,No
12/12/2022 7:27:39,25,Cisgender Male,Heterosexual,"Oceania (Australia, New Zealand, Pacific Islands)",Trade School,Unemployed,Trace,None,"Feline Keidran (Tigers, Cats, Lions)",6,2,No,2,Yes,1,0,I am not a Patron,I would not subscribe,I like them,I like them,I do not own any official merchandise,No,No,No
12/12/2022 7:49:27,33,Cisgender Male,Heterosexual,North America,Some College,Employed Full-time,Red,Fiona,"Basitins (Eastern, Western, Northern)",12,2,No,4,Yes,11,1,I am not a Patron,$10 USD,I love them,I love them,"Books or Volumes, Side comics",No,No,No
12/12/2022 8:22:32,17,Cisgender Male,Bisexual,North America,High School Diploma,Unemployed,Flaura,the squirel,Dragons,2,2,No,2,No,,,I am not a Patron,$10 USD,I like them,I like them,I do not own any official merchandise,No,No,No
12/12/2022 8:30:13,24,Cisgender Male,Heterosexual,Latin America and the Caribbean,Some College,Employed Full-time,Keith,Nora,"Basitins (Eastern, Western, Northern)",3,2,No,2,Yes,16.5,2,I am not a Patron,$10 USD,I love them,I like them,I do not own any official merchandise,No,Yes,Yes
12/12/2022 9:11:55,26,Transgender Male,Homosexual,North America,Bachelor's Degree,Self-Employed,Natani,Erik,"Canine Keidran (Wolves, Foxes, Dogs)",5,3,No,3,No,,,I am not a Patron,$10 USD,I like them,I like them,I do not own any official merchandise,No,No,No
12/12/2022 9:23:54,22,Cisgender Male,Heterosexual,Europe,Some College,Self-Employed,Kat,Old goat,"Feline Keidran (Tigers, Cats, Lions)",1,1,No,0,No,,,I am not a Patron,Custom pledge,I love them,I love them,I do not own any official merchandise,No,No,No
12/12/2022 9:36:43,15,Agender,Bisexual,Europe,Some High School,Unemployed,Laura,Database Error,"Canine Keidran (Wolves, Foxes, Dogs)",1,1,No,1,Yes,,,I am not a Patron,$10 USD,I love them,I love them,I do not own any official merchandise,No,No,No
12/12/2022 9:59:12,26,Cisgender Male,Heterosexual,North America,Some College,Employed Part-time,Jade Adelaide,Eric Vaughan,"Feline Keidran (Tigers, Cats, Lions)",7,7,No,7,Yes,21,1,$10 USD,$10 USD,I love them,I love them,I do not own any official merchandise,Yes,No,Yes
12/12/2022 10:05:39,20,Male,Heterosexual,North America,High School Diploma,Unemployed,King Adelaide,Clovis,"Basitins (Eastern, Western, Northern)",8,,Yes,1,Yes,19,,Less than $5 (Custom pledge),$10 USD,I love them,I love them,"Books or Volumes, Prints or posters",Yes,No,No
12/12/2022 10:49:45,19,Cisgender Male,Pansexual,North America,Some College,Unemployed,Keith,"I cant think of anyone i dislike, maybe Sirus because he never does anything","Basitins (Eastern, Western, Northern)",7,1,No,0,No,11,21,I am not a Patron,$10 USD,I love them,I love them,I do not own any official merchandise,No,No,Yes
12/12/2022 11:11:05,21,Prefer not to say,Heterosexual,Europe,Some College,Unemployed,"Zen, Kat, Natani, Maddy, Adelaide, Flora, Keith",Clovisssssssssssssssss,"Canine Keidran (Wolves, Foxes, Dogs)",7,1,Yes,1,Yes,19,6,I am not a Patron,$10 USD,I love them,I love them,I do not own any official merchandise,Yes,No,No
12/12/2022 15:22:15,16,Cisgender Male,Heterosexual,Latin America and the Caribbean,Some High School,Unemployed,Raine,Clovis,"Canine Keidran (Wolves, Foxes, Dogs)",4,2,No,3,Yes,,,I am not a Patron,$10 USD,I love them,I love them,I do not own any official merchandise,No,No,Yes
12/12/2022 15:48:54,19,Genderfluid,Pansexual,North America,Some College,Employed Part-time,Keith,Eric,"Basitins (Eastern, Western, Northern)",0.3,0.16,No,0.16,Yes,18,4,I am not a Patron,$10 USD,I like them,I like them,I do not own any official merchandise,No,No,No
12/12/2022 16:06:30,28,Cisgender Male,Heterosexual,Europe,Some College,Employed Full-time,Kat,Cyrus (the evil fox dude/dudette),Cat Clans (mini cats),5,1,No,1,Yes,7,13,I am not a Patron,$10 USD,I love them,I love them,Books or Volumes,No,Yes,No
12/12/2022 16:09:19,25,Cisgender Male,Heterosexual,North America,Bachelor's Degree,Employed Part-time,Raine,N/A,"Feline Keidran (Tigers, Cats, Lions)",2,1,No,1,Yes,,,I am not a Patron,$5 USD,I like them,I like them,I do not own any official merchandise,No,No,No
12/12/2022 17:01:44,16,Cisgender Male,Bisexual,Europe,Some High School,,Keith,Mike,"Basitins (Eastern, Western, Northern)",2,1,No,2,Yes,10,17,I am not a Patron,$5 USD,I like them,I like them,I do not own any official merchandise,No,No,No
12/12/2022 18:55:09,22,Cisgender Male,Bisexual,Latin America and the Caribbean,Some College,Unemployed,"Story wise, Trace. Other than that, Mike.",Don’t have.,"Basitins (Eastern, Western, Northern)",2,2,Yes,2,Yes,,,I am not a Patron,$10 USD,I love them,I love them,I do not own any official merchandise,Yes,No,Yes
12/12/2022 20:00:12,34,Cisgender Male,Bisexual,North America,Bachelor's Degree,Employed Full-time,Natani,Randall (Master Architect),"Basitins (Eastern, Western, Northern)",8,6,No,6,No,18,1,$10 USD,$10 USD,I love them,I love them,"Books or Volumes, Prints or posters, Side comics, Digital Books/Volumes",Yes,Yes,No
12/12/2022 20:27:23,21,Cisgender Male,Asexual,Europe,Some College,Unemployed,Natani,Red,"Canine Keidran (Wolves, Foxes, Dogs)",3,2,No,0,Yes,19,1,I am not a Patron,$5 USD,I like them,I love them,I do not own any official merchandise,No,No,No
12/12/2022 22:29:19,41,Prefer not to say,Heterosexual,North America,Some College,Employed Full-time,Nora,,"Feline Keidran (Tigers, Cats, Lions)",17,5,No,,No,,,I am not a Patron,I would not subscribe,I like them,I like them,I do not own any official merchandise,No,No,No
13/12/2022 8:42:27,35,Cisgender Male,Homosexual,North America,Bachelor's Degree,Self-Employed,Alaric,Eric,"Basitins (Eastern, Western, Northern)",4,1,No,2,Yes,11,,$10 USD,$10 USD,I love them,I love them,I do not own any official merchandise,Yes,No,Yes
13/12/2022 9:50:39,18,Non-binary,Prefer not to say,Asia,High School Diploma,Employed Full-time,Maddie,Evals,"Basitins (Eastern, Western, Northern)",0.5,0.5,No,0.5,No,19,,I am not a Patron,$10 USD,I love them,I love them,I do not own any official merchandise,Yes,No,No
13/12/2022 19:18:09,24,Cisgender Male,Bisexual,Europe,Bachelor's Degree,Unemployed,Keith,,"Basitins (Eastern, Western, Northern)",9,7,No,7,Yes,16,,I am not a Patron,$10 USD,I like them,I love them,"Side comics, Digital Books/Volumes",No,No,Yes
14/12/2022 5:35:28,26,Prefer not to say,Prefer not to say,Europe,Some College,Unemployed,Keith,Nora (bit of a deus ex machina/mary sue),"Basitins (Eastern, Western, Northern)",6,6,No,6,Yes,12,14,I am not a Patron,$10 USD,I do not like nor dislike them,I'm indiferent to them,I do not own any official merchandise,No,No,No
14/12/2022 8:26:24,16,Cisgender Male,Prefer not to say,North America,Some High School,Unemployed,Flora,Red,"Canine Keidran (Wolves, Foxes, Dogs)",1,0.02,No,0.6,Yes,,,I am not a Patron,$5 USD,I like them,I'm indiferent to them,I do not own any official merchandise,No,No,Yes
14/12/2022 9:16:23,26,Cisgender Male,Pansexual,Europe,High School Diploma,Employed Full-time,Flora,,"Feline Keidran (Tigers, Cats, Lions)",2,2,No,1,Yes,,,I am not a Patron,Custom pledge,I love them,I love them,I do not own any official merchandise,No,No,Yes
14/12/2022 10:16:16,27,Cisgender Male,Pansexual,North America,Some College,Self-Employed,Keith,,"Basitins (Eastern, Western, Northern)",14,1,No,1,Yes,,,I am not a Patron,$10 USD,I like them,I love them,I do not own any official merchandise,No,No,No
14/12/2022 14:13:13,20,Cisgender Male,Bisexual,North America,High School Diploma,Employed Full-time,Keith,Nibs,"Canine Keidran (Wolves, Foxes, Dogs)",6,1,Yes,1,Yes,11,3,$10 USD,$10 USD,I like them,I like them,Books or Volumes,No,No,No
14/12/2022 15:51:02,15,Cisgender Male,Asexual,Latin America and the Caribbean,Some High School,Employed Part-time,keith,none,"Basitins (Eastern, Western, Northern)",0.5,0.5,Yes,0.5,No,18,0,I am not a Patron,$10 USD,I love them,I love them,I do not own any official merchandise,Yes,No,No
15/12/2022 5:52:12,20,Transgender Female,Bisexual,North America,Some College,Unemployed,Maren,Maddie,"Canine Keidran (Wolves, Foxes, Dogs)",6,1,No,2,No,18,5,I am not a Patron,$10 USD,I like them,I like them,Books or Volumes,No,No,No
15/12/2022 20:16:07,17,Male,Heterosexual,Latin America and the Caribbean,High School Diploma,Self-Employed,Edmund Sirus ,Clovis ,Humans,1,1,Yes,1,No,6,5,I am not a Patron,$10 USD,I like them,I like them,Digital Books/Volumes,No,No,Yes
15/12/2022 21:09:40,29,Cisgender Male,Heterosexual,"Oceania (Australia, New Zealand, Pacific Islands)",Master's Degree,Employed Full-time,Reni,,Dragons,14,0,No,0,Yes,,,I am not a Patron,I would not subscribe,I love them,I love them,I do not own any official merchandise,No,No,No
15/12/2022 21:56:17,14,Cisgender Male,Heterosexual,North America,Some High School,Unemployed,Keith,Ephemeral ,"Basitins (Eastern, Western, Northern)",1,0.5,No,1,No,16,1,I am not a Patron,I would not subscribe,I love them,I love them,I do not own any official merchandise,No,No,No
16/12/2022 11:47:51,21,Cisgender Male,Prefer not to say,North America,Some College,Unemployed,Kathrin ,Don’t have one,"Feline Keidran (Tigers, Cats, Lions)",12,0,No,12,No,,,I am not a Patron,$10 USD,I love them,I love them,"Books or Volumes, Prints or posters",No,No,No
16/12/2022 13:04:39,20,Cisgender Male,Bisexual,Europe,Some College,Employed Part-time,Keith Keiser,Clovis,"Basitins (Eastern, Western, Northern)",2,1.5,No,2,Yes,10,6,$10 USD,$10 USD,I love them,I love them,I do not own any official merchandise,Yes,Yes,Yes
16/12/2022 14:49:30,19,Male,Heterosexual,North America,High School Diploma,Employed Full-time,King Adelaide,Evals,Dragons,4,2,No,4,No,0,0,I am not a Patron,$10 USD,I like them,I like them,I do not own any official merchandise,No,No,No
17/12/2022 2:17:48,16,Cisgender Male,Heterosexual,Europe,Some High School,Unemployed,Flora,Seraphina,"Feline Keidran (Tigers, Cats, Lions)",0.6518,0.6,No,0.5,No,15,3,I am not a Patron,$10 USD,I like them,I love them,I do not own any official merchandise,No,No,No
17/12/2022 19:56:05,16,Cisgender Male,Heterosexual,North America,Some High School,Unemployed,King Jade Adelaide,,"Basitins (Eastern, Western, Northern)",2.5,2,No,2,Yes,,,I am not a Patron,$5 USD,I do not like nor dislike them,I like them,I do not own any official merchandise,No,No,No
17/12/2022 20:09:05,18,Cisgender Male,Bisexual,North America,Some High School,Unemployed,Raine,Eric,"Basitins (Eastern, Western, Northern)",3,2,No,0,Yes,19,3,I am not a Patron,$5 USD,I like them,I like them,I do not own any official merchandise,No,No,No
18/12/2022 12:21:20,20,Cisgender Male,Heterosexual,Europe,Bachelor's Degree,Employed Part-time,Laura,,"Feline Keidran (Tigers, Cats, Lions)",1,1,No,1,Yes,12,,I am not a Patron,Custom pledge,I like them,I like them,I do not own any official merchandise,No,No,No
18/12/2022 20:00:26,21,Cisgender Male,Homosexual,North America,Some College,Unemployed,mike,eric,"Canine Keidran (Wolves, Foxes, Dogs)",8,3,No,,Yes,,,I am not a Patron,$10 USD,I do not like nor dislike them,I love them,I do not own any official merchandise,No,No,No
19/12/2022 8:17:43,31,Cisgender Male,Heterosexual,North America,High School Diploma,Employed Part-time,Trace,Laura,Humans,19,5,No,18,Yes,19,1,I am not a Patron,Custom pledge,I do not like nor dislike them,I like them,I do not own any official merchandise,No,No,No
19/12/2022 16:04:50,23,Cisgender Male,Bisexual,North America,Bachelor's Degree,Employed Full-time,Keitj,Eric,"Canine Keidran (Wolves, Foxes, Dogs)",2,1.5,Yes,1.5,Yes,17,,I am not a Patron,$10 USD,I love them,I love them,I do not own any official merchandise,No,No,No
19/12/2022 17:29:49,27,Cisgender Male,Heterosexual,North America,High School Diploma,Employed Full-time,Kat,,"Feline Keidran (Tigers, Cats, Lions)",17,5,No,0,No,14,,I am not a Patron,$10 USD,I like them,I love them,I do not own any official merchandise,Yes,No,No
20/12/2022 17:56:11,18,Non-binary,Demisexual,North America,High School Diploma,Unemployed,Keith or Reni,Karen,Dragons,1,0.5,No,0.5,Yes,,,I am not a Patron,$10 USD,I like them,I like them,I do not own any official merchandise,No,No,No
23/12/2022 15:12:33,17,Cisgender Male,Heterosexual,North America,Some High School,Unemployed,Nat,Don’t have one,"Canine Keidran (Wolves, Foxes, Dogs)",0,0,No,0,Yes,2,20,I am not a Patron,$10 USD,I like them,I love them,I do not own any official merchandise,No,No,No
24/12/2022 21:55:31,19,Cisgender Male,Bisexual,"Oceania (Australia, New Zealand, Pacific Islands)",Some College,Employed Part-time,Keith,Prince (dude's a dick lmao),"Basitins (Eastern, Western, Northern)",0.5,0.5,No,0.5,Yes,16,,I am not a Patron,$10 USD,I love them,I love them,I do not own any official merchandise,No,No,No
25/12/2022 4:34:53,16,Demiboy,AroAce,North America,Some High School,Unemployed,Keith or Flora,,"Feline Keidran (Tigers, Cats, Lions)",3,1,No,,Yes,,,I am not a Patron,$10 USD,I like them,I love them,I do not own any official merchandise,No,No,No
25/12/2022 8:32:36,29,Cisgender Male,Pansexual,,Some College,Unemployed,Keith,,"Basitins (Eastern, Western, Northern)",12,4,No,0,Yes,,,Less than $5 (Custom pledge),$10 USD,I love them,I love them,Digital Books/Volumes,No,Yes,Yes
26/12/2022 0:18:46,30,Cisgender Female,Heterosexual,North America,Bachelor's Degree,Employed Full-time,Keith,Karen,"Canine Keidran (Wolves, Foxes, Dogs)",5,0,No,0,Yes,18,6,I am not a Patron,I would not subscribe,I do not like nor dislike them,I'm indiferent to them,I do not own any official merchandise,No,No,No
26/12/2022 10:01:51,28,Transgender Female,Homosexual,North America,,Self-Employed,Kathrin,Trace,"Feline Keidran (Tigers, Cats, Lions)",10,0,No,,Yes,,,I am not a Patron,$5 USD,I do not like nor dislike them,I'm indiferent to them,I do not own any official merchandise,No,No,No
26/12/2022 10:29:54,34,Cisgender Male,Heterosexual,North America,Some College,Employed Full-time,"Raine? Maeve, god u cant make me choose",clovis HE KILLED BRUTUS :'(,"Feline Keidran (Tigers, Cats, Lions)",2,1,No,2,Yes,,,I am not a Patron,$5 USD,I like them,I like them,I do not own any official merchandise,Yes,No,No
26/12/2022 21:43:44,31,Prefer not to say,Bisexual,North America,Bachelor's Degree,Self-Employed,Flora,Euchre,"Feline Keidran (Tigers, Cats, Lions)",2,2,No,2,Yes,,,I am not a Patron,I would not subscribe,I love them,I like them,"Books or Volumes, Prints or posters",No,No,No
26/12/2022 23:27:34,19,Cisgender Male,Heterosexual,Europe,Some High School,Unemployed,Flora <3,Ephemeral,"Feline Keidran (Tigers, Cats, Lions)",3,0.3,Yes,2.8,No,12,5,I am not a Patron,$10 USD,I love them,I love them,I do not own any official merchandise,No,No,No
27/12/2022 19:24:24,23,Cisgender Male,Heterosexual,Europe,Bachelor's Degree,Employed Full-time,"Kat, Laura and Adira ",Keith ,Fae (Willow and company),5,5,No,1,Yes,16.5,1,I am not a Patron,$10 USD,I love them,I love them,I do not own any official merchandise,No,No,No
28/12/2022 10:37:52,25,Cisgender Male,Heterosexual,North America,Bachelor's Degree,Employed Full-time,Keith,Zen,Dragons,7,3,No,3,No,,,I am not a Patron,$10 USD,I love them,I love them,I do not own any official merchandise,No,No,No
28/12/2022 17:50:47,24,Cisgender Male,Pansexual,Europe,High School Diploma,Employed Full-time,Kat,-,"Feline Keidran (Tigers, Cats, Lions)",10,,Yes,6,Yes,,,I am not a Patron,$10 USD,I love them,I love them,Convention Sketch Commissions,Yes,Yes,Yes
29/12/2022 21:05:03,31,Cisgender Male,Homosexual,Europe,Trade School,Employed Full-time,Keith,. ,"Canine Keidran (Wolves, Foxes, Dogs)",1,0,No,0,Yes,,,I am not a Patron,I would not subscribe,I do not like nor dislike them,I like them,I do not own any official merchandise,No,No,No
29/12/2022 21:05:47,20,Cisgender Male,Heterosexual,North America,Some College,Employed Part-time,Keith,Roderick,"Basitins (Eastern, Western, Northern)",0.2,0.2,No,0.2,Yes,18,1,I am not a Patron,$10 USD,I like them,I love them,I do not own any official merchandise,No,No,No
30/12/2022 4:48:43,19,Transgender Female,Homosexual,North America,High School Diploma,Unemployed,Raine,Eric,Dragons,0.0055,0,No,0,Yes,16,6,I am not a Patron,$10 USD,I like them,I like them,I do not own any official merchandise,No,No,No
8/1/2023 13:16:14,29,Cisgender Male,Heterosexual,Latin America and the Caribbean,Master's Degree,Employed Full-time,Raine,Nora,"Canine Keidran (Wolves, Foxes, Dogs)",5,2,Yes,5,No,21,1,$10 USD,$10 USD,I like them,I like them,I do not own any official merchandise,Yes,No,Yes