Marca temporal,Age,Gender Identity ,Sexual Orientation,Where are you from? (place of birth),Education,Employment,Favorite character,Least Favorite character,Favorite race,How long have you been following the comic? (in years),How long have you been part of this server? (in years),"Do you participate in other Twokinds fan communities (Discord server, reddit, forums, etc)?","In general, how long have you been a part of Twokinds fan communities? (In years)",Do you identify as a furry or a member of the furry fandom?,Favorite chapter of the comic?,Least Favorite chapter of the comic?,"If you are a patron of Thomas Fischbach's Patreon, what tier are you subscribed to?",If money were not an issue would you subscribe to Tom patreon. If so which tier?,How do you feel about the Sunday Sketches Tom does weekly?,How do you feel about colored sketches Tom does at the end each month?,Do you own any official Twokinds merchandise?,Do you follow Tom on Picarto?,Have you ever commissioned Twokinds-related art from artists other than Thomas Fischbach?,"Have you ever made Twokinds fan art? (Drawings, Fanfiction, DIY, etc)"
23/12/2022 20:52:11,38,Cisgender Male,Pansexual,North America,Bachelor's Degree,Self-Employed,Natani,Eric,"Feline Keidran (Tigers, Cats, Lions)",5,4,No,4,Yes,11,1,Less than $5 (Custom pledge),$10 USD,I like them,I like them,"Books or Volumes, Prints or posters, Side comics",Yes,Yes,No
23/12/2022 20:52:50,20,Cisgender Male,"On the Ace spectrum, but still primarily hetero.",North America,Some College,Self-Employed,Flora,Albion Alabaster,"Feline Keidran (Tigers, Cats, Lions)",1,1,No,1,Yes,20,6,I am not a Patron,$10 USD,I like them,I love them,I do not own any official merchandise,No,No,Yes
23/12/2022 20:54:12,30,Cisgender Male,Bisexual,North America,Some College,Employed Full-time,Clovis,Nora,"Canine Keidran (Wolves, Foxes, Dogs)",3,3,No,3,Yes,12,6,I am not a Patron,$10 USD,I do not like nor dislike them,I'm indiferent to them,"Books or Volumes, Prints or posters, Digital Books/Volumes, Convention Sketch Commissions",Yes,Yes,Yes
23/12/2022 20:59:32,43,Cisgender Male,Asexual,Europe,Master's Degree,Employed Full-time,Willow,Red,"Canine Keidran (Wolves, Foxes, Dogs)",3,3,No,3,No,,,$10 USD,$10 USD,I love them,I love them,Digital Books/Volumes,Yes,No,No
23/12/2022 21:00:21,19,Transgender Female,Pansexual,North America,Some College,Employed Part-time,Adira,Red,"Feline Keidran (Tigers, Cats, Lions)",2,2,No,2,Yes,,,I am not a Patron,I would not subscribe,I like them,I like them,I do not own any official merchandise,Yes,No,Yes
23/12/2022 21:03:00,19,Cisgender Male,Bisexual,North America,High School Diploma,Unemployed,Mike,Eric,"Canine Keidran (Wolves, Foxes, Dogs)",1.3,1.25,No,1.25,Yes,11,,I am not a Patron,$5 USD,I like them,I like them,I do not own any official merchandise,No,No,No
23/12/2022 21:07:02,37,Cisgender Female,Heterosexual,North America,Some College,Self-Employed,Kathrin,,"Feline Keidran (Tigers, Cats, Lions)",1.5,1.5,Yes,1.5,Yes,,,I am not a Patron,I would not subscribe,I love them,I love them,I do not own any official merchandise,No,No,No
23/12/2022 21:08:04,20,Cisgender Male,Prefer not to say,Asia,Some College,Unemployed,Keith,,"Canine Keidran (Wolves, Foxes, Dogs)",2,1,No,3,Yes,,,I am not a Patron,$10 USD,I do not like nor dislike them,I'm indiferent to them,I do not own any official merchandise,No,No,Yes
23/12/2022 21:16:08,,,,Asia,Bachelor's Degree,Unemployed,Raine,,"Canine Keidran (Wolves, Foxes, Dogs)",2,2,Yes,,Yes,,,I am not a Patron,Custom pledge,I like them,I like them,I do not own any official merchandise,Yes,No,Yes
23/12/2022 21:28:37,30,Cisgender Male,Heterosexual,North America,Some College,Employed Full-time,Raine,Laura,"Feline Keidran (Tigers, Cats, Lions)",4,3,No,4,Yes,11,1,$5 USD,$10 USD,I like them,I like them,I do not own any official merchandise,Yes,No,No
23/12/2022 21:38:56,41,Genderfluid,Pansexual,Europe,Bachelor's Degree,Employed Full-time,Willow,Detrius,"Feline Keidran (Tigers, Cats, Lions)",17,2,Yes,5,Yes,,,$10 USD,$10 USD,I like them,I like them,Books or Volumes,No,No,No
23/12/2022 21:46:04,28,Cisgender Male,Bisexual,"Oceania (Australia, New Zealand, Pacific Islands)",High School Diploma,Unemployed,Natani,Clovis,"Canine Keidran (Wolves, Foxes, Dogs)",12,1,No,1,Yes,,,I am not a Patron,$5 USD,I do not like nor dislike them,I like them,Books or Volumes,Yes,No,No
23/12/2022 21:46:31,23,Cisgender Male,Prefer not to say,Asia,Some College,Unemployed,Laura,,"Canine Keidran (Wolves, Foxes, Dogs)",3,2,No,3,Yes,,,I am not a Patron,$5 USD,I love them,I love them,I do not own any official merchandise,No,No,No
23/12/2022 21:52:18,74,Cisgender Male,,,,,Natani,Kat,Fae (Willow and company),19,19,No,19,No,2,2,I am not a Patron,I would not subscribe,I love them,I hate them,"Books or Volumes, Prints or posters, Side comics, Digital Books/Volumes, Convention Sketch Commissions, I do not own any official merchandise",No,No,No
23/12/2022 21:54:06,28,Cisgender Male,Heterosexual,North America,High School Diploma,Employed Part-time,Raine,Kathrin,"Canine Keidran (Wolves, Foxes, Dogs)",6,2,No,4,No,,,I am not a Patron,Custom pledge,I like them,I love them,I do not own any official merchandise,No,No,No
23/12/2022 21:56:26,23,Cisgender Male,Asexual,North America,High School Diploma,Employed Part-time,Natani,Clovis,Dragons,3,3,No,3,Yes,21,1,I am not a Patron,$10 USD,I like them,I love them,I do not own any official merchandise,No,No,No
23/12/2022 22:20:07,27,Cisgender Female,Demisexual,North America,Bachelor's Degree,Employed Full-time,Laura,Eric,"Feline Keidran (Tigers, Cats, Lions)",13,5,No,0,No,0,0,Less than $5 (Custom pledge),$10 USD,I like them,I like them,Prints or posters,Yes,No,Yes
23/12/2022 23:09:18,63,Cisgender Male,Heterosexual,North America,Bachelor's Degree,Retired,Mike,,"Canine Keidran (Wolves, Foxes, Dogs)",8,1,No,5,No,,,$10 USD,$10 USD,I like them,I like them,I do not own any official merchandise,Yes,No,No
24/12/2022 0:03:53,22,Cisgender Male,Heterosexual,North America,High School Diploma,Employed Full-time,Natani,Alabaster,"Canine Keidran (Wolves, Foxes, Dogs)",5,4,Yes,5,,,,I am not a Patron,$10 USD,I like them,I like them,Digital Books/Volumes,No,No,No
24/12/2022 1:08:53,24,Cisgender Male,Bisexual,North America,High School Diploma,Employed Full-time,Keith Keiser,Eric,"Basitins (Eastern, Western, Northern)",9,1,No,1,Yes,11,1,I am not a Patron,$10 USD,I like them,I like them,I do not own any official merchandise,No,No,Yes
24/12/2022 2:30:28,30,Cisgender Male,Heterosexual,Europe,Some College,Employed Full-time,Raine,Nora,"Basitins (Eastern, Western, Northern)",2.5,1,No,2,No,19,1,Less than $5 (Custom pledge),Custom pledge,I love them,I love them,I do not own any official merchandise,Yes,No,No
24/12/2022 7:47:48,27,Matoran,Love Isn’t Canon,North America,High School Diploma,Employed Full-time,Natani,I forget,"Canine Keidran (Wolves, Foxes, Dogs)",5,4,Yes,4,Yes,18,1,I am not a Patron,$10 USD,I like them,I like them,I do not own any official merchandise,No,No,No
24/12/2022 9:23:35,30,Transgender Female,Homosexual,North America,Bachelor's Degree,Unemployed,Flora,"""Red""","Feline Keidran (Tigers, Cats, Lions)",0.1,0.1,No,0.1,Yes,20,17,I am not a Patron,$10 USD,I like them,I like them,I do not own any official merchandise,No,No,No
24/12/2022 9:57:11,42,Cisgender Male,Heterosexual,Europe,Ph.D or higher,Employed Full-time,Reni,Rem,Dragons,16,1,Yes,3,,,,$10 USD,$10 USD,I love them,I love them,"Books or Volumes, Prints or posters",Yes,Yes,No
24/12/2022 10:02:43,28,Cisgender Male,Heterosexual,Asia,Some College,Employed Full-time,Laura,,"Feline Keidran (Tigers, Cats, Lions)",5,3,Yes,5,Yes,17,,$10 USD,$10 USD,I like them,I like them,Digital Books/Volumes,Yes,Yes,Yes
24/12/2022 10:05:20,19,Cisgender Male,Prefer not to say,Europe,High School Diploma,Unemployed,Trace Legacy,database error ,Humans,5,,Yes,5,No,,21,Less than $5 (Custom pledge),Custom pledge,I love them,I love them,I do not own any official merchandise,Yes,No,No
24/12/2022 11:00:26,20,Cisgender Male,Heterosexual,Asia,High School Diploma,Unemployed,Kathrin,,Humans,0.0082,0.0027,Yes,0.0082,No,,,I am not a Patron,$10 USD,I like them,I like them,I do not own any official merchandise,Yes,No,No
24/12/2022 12:56:49,24,Cisgender Male,Heterosexual,North America,Bachelor's Degree,Employed Full-time,Kat,,"Feline Keidran (Tigers, Cats, Lions)",4,,Yes,,Yes,,,I am not a Patron,$10 USD,I love them,I love them,I do not own any official merchandise,No,No,No
24/12/2022 16:09:34,19,Cisgender Male,"Hetero, but with a spark of bi",Europe,Some High School,Unemployed,"Hard to pick, fav goes to most of the cast ""•-•","uh, Roderick","Canine Keidran (Wolves, Foxes, Dogs)",0.92,0.5,No,0.5,Yes,16,4,I am not a Patron,$10 USD,I love them,I love them,I do not own any official merchandise,Yes,No,No
25/12/2022 5:26:26,27,Cisgender Male,"Good question, I don't know the answer though :)",Europe,Some High School,Employed Full-time,Keith,,"Feline Keidran (Tigers, Cats, Lions)",3,3,No,3,Yes,21,,I am not a Patron,I would not subscribe,I do not like nor dislike them,I like them,I do not own any official merchandise,No,No,Yes
31/12/2022 14:21:46,27,Non-binary,Demisexual,North America,Bachelor's Degree,Unemployed,Keith,Maren,"Basitins (Eastern, Western, Northern)",7,6,No,6,Yes,,,I am not a Patron,I would not subscribe,I like them,I'm indiferent to them,I do not own any official merchandise,No,No,No
31/12/2022 15:03:30,23,Cisgender Male,,Europe,Bachelor's Degree,Unemployed,Not sure,Not sure,Dragons,6,5,No,5,Yes,,,I am not a Patron,$5 USD,I do not like nor dislike them,I'm indiferent to them,I do not own any official merchandise,No,No,No
31/12/2022 16:09:38,27,Non-binary,ace/pan,Europe,Some College,Employed Full-time,Keith,don't have one,Humans,13,5.5,Yes,7,Yes,16,3,$10 USD,$10 USD,I like them,I like them,"Books or Volumes, Prints or posters",Yes,No,Yes
31/12/2022 20:38:55,26,Cisgender Male,Bisexual,North America,Bachelor's Degree,Employed Full-time,Raine,Trace,"Canine Keidran (Wolves, Foxes, Dogs)",10,6,No,6,Yes,18,14,I am not a Patron,I would not subscribe,I love them,I love them,"Books or Volumes, Prints or posters",No,Yes,No
2/1/2023 21:24:36,29,Cisgender Male,Heterosexual,Latin America and the Caribbean,Master's Degree,Employed Full-time,Raine,Nora,"Canine Keidran (Wolves, Foxes, Dogs)",5,1.2,Yes,5,No,17,4,$10 USD,$10 USD,I like them,I like them,I do not own any official merchandise,Yes,No,Yes